,domain
0,redstatewatcher.com
1,endingthefed.com
2,thepoliticalinsider.com
3,daily-sun.com
4,daily-sun.com
5,dailyoccupation.com
6,theduran.com
7,joeforamerica.com
8,intrendtoday.com
9,thefederalistpapers.org
10,tap-news.com
11,endingthefed.com
12,tdnewswire.com
13,press24.us
14,anonews.co
15,hillarydaily.com
16,truthinsideofyou.org
17,wearechange.org
18,simplecapacity.com
19,thenewyorkevening.com
20,therealstrategy.com
21,inquisitr.com
22,youtube.com
23,awarenessact.com
24,worldnewspolitics.com
25,truthorfiction.com
26,americasfreedomfighters.com
27,youngcons.com
28,angrypatriotmovement.com
29,alternativenewsnetwork.net
30,100percentfedup.com
31,24usainfo.com
32,patriottribune.com
33,thenewsclub.info
34,dailyheadlines.net
35,usanewsflash.com
36,americafans.com
37,joeforamerica.com
38,aldipest.com
39,conservativedailypost.com
40,friendsofsyria.wordpress.com
41,politicscorner.today
42,veteransnewsnow.com
43,dailymail.co.uk
44,dailynewsposts.info
45,globalresearch.ca
46,bigbluevision.org
47,patriotnewsagency.com
48,24usainfo.com
49,dailyheadlines.net
50,thetrumptruck.com
51,nationalinsiderpolitics.com
52,worldcallyoutoday.com
53,dailyheadlines.net
54,whatsupic.com
55,drrichswier.com
56,secretsofthefed.com
57,youtube.com
58,politleague.com
59,en.institutomanquehue.org
60,defund.com
61,msfanpage.link
62,nevo.news
63,jewsnews.co.il
64,worldnewspolitics.com
65,ushealthyadvisor.com
66,aldipest.com
67,worldaily.info
68,tfhnews.com
69,americasnewest.com
70,topinfopost.com
71,uprootedpalestinians.wordpress.com
72,wuc-news.com
73,themuslimissue.wordpress.com
74,donaldtrumpnews.co
75,youtube.com
76,ihavethetruth.com
77,endingthefed.com
78,wtoe5news.com
79,conservativeinsider.co
80,channel16news.com
81,politicsforum.online
82,uconservative.com
83,extremelynewsworthy.com
84,endingthefed.com
85,youtube.com
86,everynewshere.com
87,youtube.com
88,murbles.com
89,worldnewspolitics.com
90,consamerica.com
91,donaldtrumpnews.co
92,dailyheadlines.net
93,christiantimesnewspaper.com
94,yesimright.com
95,naturalnews.com
96,yesimright.com
97,conservativepost.com
98,en-volve.com
99,youtube.com
100,conservativedailypost.com
101,reagancoalition.com
102,redflagnews.com
103,endingthefed.com
104,burrardstreetjournal.com
105,trendingcult.com
106,usaaroundtheworldnews.com
107,about2day.com
108,fanzinger.com
109,dailynewsposts.info
110,bigbluevision.org
111,usainfonews.com
112,usadailyinfo.com
113,politicalsitenews.com
114,usadailyinfo.com
115,nevo.news
116,greenmond.com
117,presidentialvoting2016.com
118,usanewsinsider.com
119,text143.com
120,vidaguerrablog.com
121,yepsee.com
122,weeklypopnews.com
123,dineal.com
124,departed.co
125,dailynewsposts.info
126,u7434p6564.mrsjekyllsays.net
127,uspoliticslive.com
128,usadailytime.com
129,imjussayin.co
130,americanflare.com
131,untoldnews.net
132,u7690p7141.liamtheleprechaun.co
133,myfreshnews.com
134,fanzinger.com
135,embols.com
136,diyhilfe.com
137,u4281p6798.newzfeed.net
138,mainerepublicemailalert.com
139,usdailypolitic.com
140,bigbluedimension.com
141,wizardofviral.com
142,u7176p8678.newzfeed.net
143,extensivenews.com
144,newsbian.com
145,u8177p8978.newzfeed.net
146,thenewsclub.info
147,u4638p2660.newsninjaa.com
148,viralows.com
149,usanewsinsider.com
150,bolly.news
151,viraldiesel.com
152,u281p372.newsninjaa.com
153,bipartisanreport.com
154,bipartisanreport.com
155,greenvillegazette.com
156,liberalsociety.com
157,usa2016elections.com
158,endingthefed.com
159,mediazone.news
160,mediazone.news
161,bigbluevision.org
162,usanewsflash.com
163,ilovemyfreedom.org
164,donaldtrumpnews.co
165,usadailytime.com
166,truthfeed.com
167,nationalinsiderpolitics.com
168,usanewsflash.com
169,tdtalliance.com
170,everynewshere.com
171,departed.co
172,jewsnews.co.il
173,hitpolitics.com
174,conservativestudio.com
175,cooltobeconservative.com
176,worldtruth.tv
177,therealstrategy.com
178,unilad.co.uk
179,prntly.com
180,yournewswire.com
181,fedsalert.com
182,professionalmac.com
183,netlivemedia.com
184,damnlikes.com
185,endingthefed.com
186,miniplanet.us
187,usasupreme.com
188,redflagnews.com
189,joeforamerica.com
190,everynewshere.com
191,truthfeed.com
192,ihavethetruth.com
193,thewashingtonstandard.com
194,usapoliticstoday.com
195,freedomoutpost.com
196,nevo.news
197,sonsoflibertymedia.com
198,usapoliticsnow.com
199,dcclothesline.com
200,usalibertynews.com
201,endingthefed.com
202,bignuggetnews.com
203,dineal.com
204,infowars.com
205,truthfeed.com
206,celebrityhealthfitness.com
207,conservativeoutfitters.com
208,prntly.com
209,wnd.com
210,redstatewatcher.com
211,youtube.com
212,eheadlines.com
213,hannity.com
214,tdnewswire.com
215,statenation.co
216,everynewshere.com
217,endingthefed.com
218,freemarketcentral.com
219,1776coalition.com
220,lifenews.com
221,usasupreme.com
222,endingthefed.com
223,stateofthenation2012.com
224,usasupreme.com
225,intrendtoday.com
226,usadailyinfo.com
227,truthandaction.org
228,defund.com
229,usatodaypolitics.com
230,myfreshnews.com
231,hillarydaily.com
232,truthfeed.com
233,truthandaction.org
234,embols.com
235,donaldtrumpnews.co
236,thegatewaypundit.com
237,youtube.com
238,rightwingnews.com
239,youtube.com
240,youtube.com
241,todaychristian.net
242,newsiosity.com
243,infowars.com
244,statenation.co
245,teaparty.org
246,truthfeed.com
247,informationliberation.com
248,mediaite.com
249,ijr.com
250,dailycaller.com
251,conservativetribune.com
252,thefederalistpapers.org
253,chicksontheright.com
254,ihavethetruth.com
255,bizpacreview.com
256,rightwingnews.com
257,theblaze.com
258,thelibertarianrepublic.com
259,americanlookout.com
260,americasfreedomfighters.com
261,politistick.com
262,pjmedia.com
263,conservativepost.com
264,endingthefed.com
265,freedomdaily.com
266,westernjournalism.com
267,defund.com
268,clashdaily.com
269,usherald.com
270,conservativepost.com
271,worldnewspolitics.com
272,worldpoliticus.com
273,mrcblog.com
274,patriothangout.com
275,politicscorner.today
276,conservativearmy88.com
277,consciouslyenlightened.com
278,breitbartt.co
279,anews24.org
280,americanpoliticnews.com
281,usanewshome.com
282,noscomunicamos.com
283,thecarsmagazine.com
284,worldpoliticus.com
285,trumpnews2016.org
286,en-volve.com
287,worldnewspolitics.com
288,the-insider.co
289,newsinworld365days.com
290,burrardstreetjournal.com
291,freedomdaily.com
292,conservativeeagles.com
293,unitedstates-politics.com
294,americarightnow.com
295,politicscorner.today
296,consamericans.com
297,nationalinsiderpolitics.com
298,consamerica.com
299,365usanews.com
300,consfreedom.com
301,spinzon.com
302,donaldtrumpnews.co
303,dailynewsposts.info
304,usainfobox.com
305,conservativesus.com
306,usbreakingnewsfeed.com
307,pundittoday.com
308,usapoliticstoday.com
309,worldinformation24.info
310,thenationalsun.com
311,thenewyorkevening.com
312,uconservative.com
313,myfreshnews.com
314,jewsnews.co.il
315,youtube.com
316,100percentfedup.com
317,infowars.com
318,youtube.com
319,youtube.com
320,thegatewaypundit.com
321,teaparty.org
322,youtube.com
323,100percentfedup.com
324,100percentfedup.com
325,truthandaction.org
326,naturalnews.com
327,consciouslyenlightened.com
328,nowtheendbegins.com
329,truthkings.com
330,youtube.com
331,ilovemyfreedom.org
332,rickwells.us
333,nowtheendbegins.com
334,breitbart.com
335,halturnershow.com
336,superstation95.com
337,prntly.com
338,dcclothesline.com
339,bients.com
340,conservativetribune.com
341,fellowshipoftheminds.com
342,ihavethetruth.com
343,usapoliticstoday.com
344,joeforamerica.com
345,choiceandtruth.com
346,allnewspipeline.com
347,redstatewatcher.com
348,americasnewest.com
349,globalresearch.ca
350,beforeitsnews.com
351,msfanpage.link
352,youtube.com
353,youtube.com
354,youtube.com
355,710wor.iheart.com
356,youtube.com
357,youtube.com
358,eutimes.net
359,angrypatriots.com
360,worldtruth.tv
361,alexanderhiggins.com
362,thefreepatriot.org
363,usdefensewatch.com
364,ushealthyadvisor.com
365,embols.com
366,mainerepublicemailalert.com
367,morningnewsusa.com
368,everynewshere.com
369,endingthefed.com
370,consamericans.com
371,embols.com
372,hillarydaily.com
373,yournewswire.com
374,fury.news
375,endingthefed.com
376,bients.com
377,gopthedailydose.com
378,worldtruth.tv
379,abcnews.com.co
380,conservativeoutfitters.com
381,infowars.com
382,dangerandplay.com
383,youtube.com
384,wearechange.org
385,usapoliticstoday.com
386,vigilantcitizen.com
387,collective-evolution.com
388,youtube.com
389,youtube.com
390,youtube.com
391,infowars.com
392,yournewswire.com
393,sonsoflibertymedia.com
394,thegatewaypundit.com
395,youtube.com
396,zerohedge.com
397,dailywire.com
398,youtube.com
399,youtube.com
400,vesselnews.io
401,hiddenamericans.com
402,fury.news
403,theantimedia.org
404,nuevoordenmundialreptiliano.blogspot.com
405,youtube.com
406,truthandaction.org
407,en-volve.com
408,usanewsflash.com
409,incredibleusanews.com
410,uspoln.com
411,endingthefed.com
412,politicono.com
413,uconservative.com
414,worldinformation24.info
415,conservativefighters.com
416,defund.com
417,usatwentyfour.com
418,hillarydaily.com
419,mediazone.news
420,politicops.com
421,spotlighttimes.com
422,bients.com
423,usadailyinfo.com
424,tmn.today
425,statenation.co
426,worldpoliticus.com
427,conservativestudio.com
428,conservativepost.com
429,ufpnews.com
430,usatwentyfour.com
431,usapoliticstoday.com
432,donaldtrumpnews.co
433,consamerica.com
434,washingtontimes.com
435,truthfeed.com
436,truthfeed.com
437,libertywritersnews.com
438,ijr.com
439,dailycaller.com
440,mostextreme.us
441,thegatewaypundit.com
442,yesimright.com
443,angrypatriotmovement.com
444,defund.com
445,inquisitr.com
446,truthkings.com
447,downtrend.com
448,ihavethetruth.com
449,endingthefed.com
450,fury.news
451,youngcons.com
452,truthfeed.com
453,conservativedailypost.com
454,conservativefiringline.com
455,conservativepost.com
456,redflagnews.com
457,spinzon.com
458,endingthefed.com
459,teaparty.org
460,newyorker.com
461,christiantimesnewspaper.com
462,superstation95.com
463,everynewshere.com
464,endingthefed.com
465,conservativestate.com
466,endingthefed.com
467,jewsnews.co.il
468,worldtruth.tv
469,chuckcallesto.blogspot.com
470,stateofthenation2012.com
471,therightists.com
472,politicususa.com
473,politicususa.com
474,politicususa.com
475,people.com
476,occupydemocrats.com
477,nydailynews.com
478,slate.com
479,rawstory.com
480,youtube.com
481,dailydot.com
482,rt.com
483,independent.co.uk
484,youtube.com
485,wgntv.com
486,youtube.com
487,bloomberg.com
488,kdvr.com
489,digg.com
490,huffingtonpost.co.uk
491,buzzfeed.com
492,fox4kc.com
493,myfox8.com
494,youtube.com
495,khou.com
496,kfor.com
497,distractify.com
498,dailyo.in
499,sbs.com.au
500,nypost.com
501,fox17online.com
502,nymag.com
503,deathandtaxesmag.com
504,thedailybeast.com
505,bipartisanreport.com
506,spinzon.com
507,gopthedailydose.com
508,usatwentyfour.com
509,vote.us.org
510,therightists.com
511,uconservative.com
512,unitedstates-politics.com
513,zootfeed.com
514,yesimright.com
515,truthfeed.com
516,rickwells.us
517,thegatewaypundit.com
518,redstatewatcher.com
519,youtube.com
520,thepoliticalinsider.com
521,youtube.com
522,youtube.com
523,angrypatriotmovement.com
524,truthfeed.com
525,endingthefed.com
526,redstatewatcher.com
527,ilovemyfreedom.org
528,redstatewatcher.com
529,cooltobeconservative.com
530,endingthefed.com
531,usanewsflash.com
532,whatsupic.com
533,whatsupic.com
534,buzzfeedusa.com
535,abcnews.com.co
536,zootfeed.com
537,redstatewatcher.com
538,nevo.news
539,buzzfeedusa.com
540,departed.co
541,ilovemyfreedom.org
542,endingthefed.com
543,endingthefed.com
544,redalertpolitics.com
545,uconservative.com
546,youtube.com
547,endingthefed.com
548,youtube.com
549,truthfeed.com
550,schatziesearthproject.com
551,nowtheendbegins.com
552,halturnershow.com
553,youtube.com
554,youtube.com
555,americanjournalreview.com
556,youtube.com
557,rickwells.us
558,usapoliticsnow.com
559,donaldtrumpnews.co
560,youtube.com
561,americantoday.news
562,conservativedailypost.com
563,endingthefed.com
564,ijr.com
565,mediazone.news
566,mediazone.news
567,everynewshere.com
568,truthfeed.com
569,consamericans.com
570,youtube.com
571,usapoliticsnow.com
572,dailycaller.com
573,everynewshere.com
574,talkingpointsmemo.com
575,rickwells.us
576,truthandaction.org
577,tmn.today
578,buzzfeedusa.com
579,redflagnews.com
580,youtube.com
581,endingthefed.com
582,yournewswire.com
583,usadailyinfo.com
584,theconservativeclub.us
585,conservativebase.com
586,freedomsfinalstand.com
587,thelastlineofdefense.org
588,usadailyinfo.com
589,newromantimes.com
590,newyorker.com
591,youtube.com
592,clashdaily.com
593,endingthefed.com
594,youtube.com
595,rickwells.us
596,youtube.com
597,youtube.com
598,redstatewatcher.com
599,ipatriot.com
600,donaldtrumpnews.co
601,youtube.com
602,samuel-warde.com
603,redstatewatcher.com
604,youtube.com
605,youtube.com
606,everyday24.net
607,dailypresser.com
608,eutimes.net
609,puppetstringnews.com
610,theinternationalreporter.org
611,endingthefed.com
612,youtube.com
613,whatdoesitmean.com
614,everynewshere.com
615,youtube.com
616,centrictv.com
617,getpocket.com
618,wordondastreet.com
619,funkydineva.com
620,redstatewatcher.com
621,redstatewatcher.com
622,naturalnews.com
623,neonnettle.com
624,teaparty.org
625,bignuggetnews.com
626,youtube.com
627,100percentfedup.com
628,youtube.com
629,youtube.com
630,endingthefed.com
631,thegatewaypundit.com
632,cjpearson.org
633,theamericanmirror.com
634,redstatewatcher.com
635,redstatewatcher.com
636,conservativefiringline.com
637,teaparty.org
638,therealstrategy.com
639,redflagnews.com
640,conservativeintel.com
641,bients.com
642,truthkings.com
643,thegatewaypundit.com
644,ncscooper.com
645,worldtruth.tv
646,usanewsinsider.com
647,donaldtrumpnews.co
648,politicops.com
649,usanewshome.com
650,americanpoliticnews.com
651,usasupreme.com
652,tmzcomedy.com
653,conservativetribune.com
654,infowars.com
655,worldnewspolitics.com
656,naturalnews.com
657,thefreethoughtproject.com
658,openmindmagazine.com
659,defund.com
660,duanelester.com
661,trueactivist.com
662,endingthefed.com
663,conservativeinsider.co
664,chicksontheright.com
665,vesselnews.io
666,teaparty.org
667,youngcons.com
668,minds.com
669,yournewswire.com
670,americasfreedomfighters.com
671,yournewswire.com
672,redstatewatcher.com
673,thepoliticalinsider.com
674,100percentfedup.com
675,conservativetribune.com
676,thegatewaypundit.com
677,ihavethetruth.com
678,redflagnews.com
679,politicscorner.today
680,worldtruth.tv
681,baltimoregazette.com
682,endingthefed.com
683,nationalinsiderpolitics.com
684,consnation.com
685,uconservative.com
686,donaldtrumpnews.co
687,youtube.com
688,yesimright.com
689,redstatewatcher.com
690,statenation.co
691,usherald.com
692,thefreepatriot.org
693,newyorker.com
694,everynewshere.com
695,eutimes.net
696,westernsentinel.com
697,consciouslyenlightened.com
698,whatdoesitmean.com
699,morningnewsusa.com
700,therealstrategy.com
701,dcwatchdog.org
702,thegatewaypundit.com
703,libertywritersnews.com
704,endingthefed.com
705,americanupdater.com
706,teaparty.org
707,awarenessact.com
708,youtube.com
709,usapoliticstoday.com
710,youtube.com
711,jewsnews.co.il
712,theinternationalreporter.org
713,defund.com
714,worldpoliticus.com
715,redflagnews.com
716,whatdoesitmean.com
717,guerilla.news
718,donaldtrumpnews.co
719,ihavethetruth.com
720,therealstrategy.com
721,gopthedailydose.com
722,clashdaily.com
723,youtube.com
724,thefederalistpapers.org
725,endingthefed.com
726,freedomdaily.com
727,worldnewsdailyreport.com
728,jewsnews.co.il
729,usasupreme.com
730,friendsofsyria.wordpress.com
731,thebiafraherald.co
732,jewsnews.co.il
733,dailyoccupation.com
734,butthatsnoneofmybusiness.com
735,worldnewsdailyreport.com
736,noscomunicamos.com
737,endingthefed.com
738,friendsofsyria.wordpress.com
739,usasupreme.com
740,subjectpolitics.com
741,nationalinsiderpolitics.com
742,usadailytime.com
743,en-volve.com
744,conservativefighters.com
745,consnation.com
746,freedomsfinalstand.com
747,westernsentinel.com
748,bigbluevision.org
749,worldnewspolitics.com
750,donaldtrumpnews.co
751,redflagnews.com
752,usatodaypolitics.com
753,americanflare.com
754,usanewsflash.com
755,americanjournalreview.com
756,rebelcowgirlroundup.com
757,libertynews.com
758,americanmilitarynews.com
759,conservativefiringline.com
760,yesimright.com
761,truthfeed.com
762,endingthefed.com
763,defund.com
764,donaldtrumpnews.co
765,dailypresser.com
766,usasupreme.com
767,sourcesnews.com
768,twitchy.com
769,ijr.com
770,conservativeoutfitters.com
771,newsninja2012.com
772,bizpacreview.com
773,dailywire.com
774,conservativetribune.com
775,unclesamsmisguidedchildren.com
776,americanow.com
777,youtube.com
778,glennbeck.com
779,breitbart.com
780,thehayride.com
781,endingthefed.com
782,consfreedom.com
783,breitbart.com
784,donaldtrumpnews.co
785,usanewsflash.com
786,currenttopnews.com
787,everynewshere.com
788,yournewswire.com
789,usasupreme.com
790,americannews.com
791,uconservative.com
792,usherald.com
793,endingthefed.com
794,everynewshere.com
795,reportme24.com
796,winningdemocrats.com
797,newsfrompolitics.com
798,liberalamerica.org
799,organicandhealthy.org
800,yournewswire.com
801,educateinspirechange.org
802,bients.com
803,zgarlic.com
804,democracynow.org
805,anonhq.com
806,dineal.com
807,choiceandtruth.com
808,chuckcallesto.blogspot.com
809,electionfraud2016.wordpress.com
810,deprogramyourself.org
811,youtube.com
812,linktv.org
813,truthfeed.com
814,embols.com
815,liberalamerica.org
816,voiceofshadows.com
817,nevo.news
818,myfreshnews.com
819,mirrorspectrum.com
820,creambmp.com
821,empirenews.net
822,religiousmind.com
823,maxkeep.com
824,usanewsflash.com
825,everynewshere.com
826,truthfeed.com
827,nevo.news
828,prntly.com
829,myfreshnews.com
830,nationalinsiderpolitics.com
831,worldpoliticus.com
832,noscomunicamos.com
833,donaldtrumpnews.co
834,departed.co
835,worldpoliticus.com
836,urbannewsletter.com
837,activeopinion.com
838,uconservative.com
839,endingthefed.com
840,departed.co
841,jewsnews.co.il
842,americannews.com
843,worldnewspolitics.com
844,endingthefed.com
845,conservativepost.com
846,100percentfedup.com
847,ihavethetruth.com
848,thegatewaypundit.com
849,buzzfeedusa.com
850,mediazone.news
851,youtube.com
852,redstatewatcher.com
853,endingthefed.com
854,youtube.com
855,msfanpage.link
856,amunweb.com
857,newyorker.com
858,bipartisanreport.com
859,us.blastingnews.com
860,politicops.com
861,politicot.com
862,uspoln.com
863,nowtheendbegins.com
864,yournewswire.com
865,naturalnews.com
866,worldtruth.tv
867,endingthefed.com
868,youtube.com
869,youtube.com
870,liberalamerica.org
871,yournewswire.com
872,overpassesforamerica.com
873,huffingtonpost.com
874,latest.com
875,usapoliticstoday.com
876,americasfreedomfighters.com
877,donaldtrumpnews.co
878,usanewsflash.com
879,usasupreme.com
880,endingthefed.com
881,truthfeed.com
882,yournewswire.com
883,everynewshere.com
884,therealstrategy.com
885,theintellectualist.co
886,greenvillegazette.com
887,dailycaller.com
888,naturalnews.com
889,eaglerising.com
890,guerilla.news
891,sonsoflibertymedia.com
892,pjmedia.com
893,thefederalistpapers.org
894,thegatewaypundit.com
895,freakoutnation.com
896,ipatriot.com
